{
  "Fields" : {
    "1" : {
      "name" : "Account",
      "dataType" : "CHAR",
      "description" : ""
    },
    "2" : {
      "name" : "AdvId",
      "dataType" : "INT",
      "description" : ""
    },
    "3" : {
      "name" : "AdvRefID",
      "dataType" : "INT",
      "description" : ""
    },
    "4" : {
      "name" : "AdvSide",
      "dataType" : "CHAR",
      "description" : ""
    },
    "5" : {
      "name" : "AdvTransType",
      "dataType" : "CHAR",
      "description" : ""
    },
    "6" : {
      "name" : "AvgPx",
      "dataType" : "FLOAT",
      "description" : ""
    },
    "7" : {
      "name" : "BeginSeqNo",
      "dataType" : "INT",
      "description" : ""
    },
    "8" : {
      "name" : "BeginString",
      "dataType" : "CHAR",
      "description" : ""
    },
    "9" : {
      "name" : "BodyLength",
      "dataType" : "INT",
      "description" : ""
    },
    "10" : {
      "name" : "CheckSum",
      "dataType" : "CHAR",
      "description" : ""
    },
    "11" : {
      "name" : "ClOrdID",
      "dataType" : "CHAR",
      "description" : ""
    },
    "12" : {
      "name" : "Commission",
      "dataType" : "FLOAT",
      "description" : ""
    },
    "13" : {
      "name" : "CommType",
      "dataType" : "CHAR",
      "description" : ""
    },
    "14" : {
      "name" : "CumQty",
      "dataType" : "INT",
      "description" : ""
    },
    "15" : {
      "name" : "Currency",
      "dataType" : "CHAR",
      "description" : ""
    },
    "16" : {
      "name" : "EndSeqNo",
      "dataType" : "INT",
      "description" : ""
    },
    "17" : {
      "name" : "ExecID",
      "dataType" : "INT",
      "description" : ""
    },
    "18" : {
      "name" : "ExecInst",
      "dataType" : "CHAR",
      "description" : ""
    },
    "19" : {
      "name" : "ExecRefID",
      "dataType" : "INT",
      "description" : ""
    },
    "20" : {
      "name" : "ExecTransType",
      "dataType" : "CHAR",
      "description" : ""
    },
    "21" : {
      "name" : "HandlInst",
      "dataType" : "CHAR",
      "description" : ""
    },
    "22" : {
      "name" : "IDSource",
      "dataType" : "CHAR",
      "description" : ""
    },
    "23" : {
      "name" : "IOIid",
      "dataType" : "INT",
      "description" : ""
    },
    "24" : {
      "name" : "IOIOthSvc",
      "dataType" : "CHAR",
      "description" : ""
    },
    "25" : {
      "name" : "IOIQltyInd",
      "dataType" : "CHAR",
      "description" : ""
    },
    "26" : {
      "name" : "IOIRefID",
      "dataType" : "INT",
      "description" : ""
    },
    "27" : {
      "name" : "IOIShares",
      "dataType" : "CHAR",
      "description" : ""
    },
    "28" : {
      "name" : "IOITransType",
      "dataType" : "CHAR",
      "description" : ""
    },
    "29" : {
      "name" : "LastCapacity",
      "dataType" : "CHAR",
      "description" : ""
    },
    "30" : {
      "name" : "LastMkt",
      "dataType" : "CHAR",
      "description" : ""
    },
    "31" : {
      "name" : "LastPx",
      "dataType" : "FLOAT",
      "description" : ""
    },
    "32" : {
      "name" : "LastShares",
      "dataType" : "INT",
      "description" : ""
    },
    "33" : {
      "name" : "LinesOfText",
      "dataType" : "INT",
      "description" : ""
    },
    "34" : {
      "name" : "MsgSeqNum",
      "dataType" : "INT",
      "description" : ""
    },
    "35" : {
      "name" : "MsgType",
      "dataType" : "CHAR",
      "description" : ""
    },
    "36" : {
      "name" : "NewSeqNo",
      "dataType" : "INT",
      "description" : ""
    },
    "37" : {
      "name" : "OrderID",
      "dataType" : "CHAR",
      "description" : ""
    },
    "38" : {
      "name" : "OrderQty",
      "dataType" : "INT",
      "description" : ""
    },
    "39" : {
      "name" : "OrdStatus",
      "dataType" : "CHAR",
      "description" : ""
    },
    "40" : {
      "name" : "OrdType",
      "dataType" : "CHAR",
      "description" : ""
    },
    "41" : {
      "name" : "OrigClOrdID",
      "dataType" : "CHAR",
      "description" : ""
    },
    "42" : {
      "name" : "OrigTime",
      "dataType" : "TIME",
      "description" : ""
    },
    "43" : {
      "name" : "PossDupFlag",
      "dataType" : "CHAR",
      "description" : ""
    },
    "44" : {
      "name" : "Price",
      "dataType" : "FLOAT",
      "description" : ""
    },
    "45" : {
      "name" : "RefSeqNum",
      "dataType" : "INT",
      "description" : ""
    },
    "46" : {
      "name" : "RelatdSym",
      "dataType" : "CHAR",
      "description" : ""
    },
    "47" : {
      "name" : "Rule80A",
      "dataType" : "CHAR",
      "description" : ""
    },
    "48" : {
      "name" : "SecurityID",
      "dataType" : "CHAR",
      "description" : ""
    },
    "49" : {
      "name" : "SenderCompID",
      "dataType" : "CHAR",
      "description" : ""
    },
    "50" : {
      "name" : "SenderSubID",
      "dataType" : "CHAR",
      "description" : ""
    },
    "52" : {
      "name" : "SendingTime",
      "dataType" : "TIME",
      "description" : ""
    },
    "53" : {
      "name" : "Shares",
      "dataType" : "INT",
      "description" : ""
    },
    "54" : {
      "name" : "Side",
      "dataType" : "CHAR",
      "description" : ""
    },
    "55" : {
      "name" : "Symbol",
      "dataType" : "CHAR",
      "description" : ""
    },
    "56" : {
      "name" : "TargetCompID",
      "dataType" : "CHAR",
      "description" : ""
    },
    "57" : {
      "name" : "TargetSubID",
      "dataType" : "CHAR",
      "description" : ""
    },
    "58" : {
      "name" : "Text",
      "dataType" : "CHAR",
      "description" : ""
    },
    "59" : {
      "name" : "TimeInForce",
      "dataType" : "CHAR",
      "description" : ""
    },
    "60" : {
      "name" : "TransactTime",
      "dataType" : "TIME",
      "description" : ""
    },
    "61" : {
      "name" : "Urgency",
      "dataType" : "CHAR",
      "description" : ""
    },
    "62" : {
      "name" : "ValidUntilTime",
      "dataType" : "TIME",
      "description" : ""
    },
    "63" : {
      "name" : "SettlmntTyp",
      "dataType" : "CHAR",
      "description" : ""
    },
    "64" : {
      "name" : "FutSettDate",
      "dataType" : "DATE",
      "description" : ""
    },
    "65" : {
      "name" : "SymbolSfx",
      "dataType" : "CHAR",
      "description" : ""
    },
    "66" : {
      "name" : "ListID",
      "dataType" : "CHAR",
      "description" : ""
    },
    "67" : {
      "name" : "ListSeqNo",
      "dataType" : "INT",
      "description" : ""
    },
    "68" : {
      "name" : "ListNoOrds",
      "dataType" : "INT",
      "description" : ""
    },
    "69" : {
      "name" : "ListExecInst",
      "dataType" : "CHAR",
      "description" : ""
    },
    "70" : {
      "name" : "AllocID",
      "dataType" : "INT",
      "description" : ""
    },
    "71" : {
      "name" : "AllocTransType",
      "dataType" : "CHAR",
      "description" : ""
    },
    "72" : {
      "name" : "RefAllocID",
      "dataType" : "INT",
      "description" : ""
    },
    "73" : {
      "name" : "NoOrders",
      "dataType" : "INT",
      "description" : ""
    },
    "74" : {
      "name" : "AvgPrxPrecision",
      "dataType" : "INT",
      "description" : ""
    },
    "75" : {
      "name" : "TradeDate",
      "dataType" : "DATE",
      "description" : ""
    },
    "76" : {
      "name" : "ExecBroker",
      "dataType" : "CHAR",
      "description" : ""
    },
    "77" : {
      "name" : "OpenClose",
      "dataType" : "CHAR",
      "description" : ""
    },
    "78" : {
      "name" : "NoAllocs",
      "dataType" : "INT",
      "description" : ""
    },
    "79" : {
      "name" : "AllocAccount",
      "dataType" : "CHAR",
      "description" : ""
    },
    "80" : {
      "name" : "AllocShares",
      "dataType" : "INT",
      "description" : ""
    },
    "81" : {
      "name" : "ProcessCode",
      "dataType" : "CHAR",
      "description" : ""
    },
    "82" : {
      "name" : "NoRpts",
      "dataType" : "INT",
      "description" : ""
    },
    "83" : {
      "name" : "RptSeq",
      "dataType" : "INT",
      "description" : ""
    },
    "84" : {
      "name" : "CxlQty",
      "dataType" : "INT",
      "description" : ""
    },
    "85" : {
      "name" : "NoDlvyInst",
      "dataType" : "INT",
      "description" : ""
    },
    "86" : {
      "name" : "DlvyInst",
      "dataType" : "CHAR",
      "description" : ""
    },
    "87" : {
      "name" : "AllocStatus",
      "dataType" : "INT",
      "description" : ""
    },
    "88" : {
      "name" : "AllocRejCode",
      "dataType" : "INT",
      "description" : ""
    },
    "89" : {
      "name" : "Signature",
      "dataType" : "DATA",
      "description" : ""
    },
    "90" : {
      "name" : "SecureDataLen",
      "dataType" : "LENGTH",
      "description" : ""
    },
    "91" : {
      "name" : "SecureData",
      "dataType" : "DATA",
      "description" : ""
    },
    "92" : {
      "name" : "BrokerOfCredit",
      "dataType" : "CHAR",
      "description" : ""
    },
    "93" : {
      "name" : "SignatureLength",
      "dataType" : "LENGTH",
      "description" : ""
    },
    "94" : {
      "name" : "EmailType",
      "dataType" : "CHAR",
      "description" : ""
    },
    "95" : {
      "name" : "RawDataLength",
      "dataType" : "LENGTH",
      "description" : ""
    },
    "96" : {
      "name" : "RawData",
      "dataType" : "DATA",
      "description" : ""
    },
    "97" : {
      "name" : "PossResend",
      "dataType" : "CHAR",
      "description" : ""
    },
    "98" : {
      "name" : "EncryptMethod",
      "dataType" : "INT",
      "description" : ""
    },
    "99" : {
      "name" : "StopPx",
      "dataType" : "FLOAT",
      "description" : ""
    },
    "100" : {
      "name" : "ExDestination",
      "dataType" : "CHAR",
      "description" : ""
    },
    "102" : {
      "name" : "CxlRejReason",
      "dataType" : "INT",
      "description" : ""
    },
    "103" : {
      "name" : "OrdRejReason",
      "dataType" : "INT",
      "description" : ""
    },
    "104" : {
      "name" : "IOIQualifier",
      "dataType" : "CHAR",
      "description" : ""
    },
    "105" : {
      "name" : "WaveNo",
      "dataType" : "CHAR",
      "description" : ""
    },
    "106" : {
      "name" : "Issuer",
      "dataType" : "CHAR",
      "description" : ""
    },
    "107" : {
      "name" : "SecurityDesc",
      "dataType" : "CHAR",
      "description" : ""
    },
    "108" : {
      "name" : "HeartBtInt",
      "dataType" : "INT",
      "description" : ""
    },
    "109" : {
      "name" : "ClientID",
      "dataType" : "CHAR",
      "description" : ""
    },
    "110" : {
      "name" : "MinQty",
      "dataType" : "INT",
      "description" : ""
    },
    "111" : {
      "name" : "MaxFloor",
      "dataType" : "INT",
      "description" : ""
    },
    "112" : {
      "name" : "TestReqID",
      "dataType" : "CHAR",
      "description" : ""
    },
    "113" : {
      "name" : "ReportToExch",
      "dataType" : "CHAR",
      "description" : ""
    },
    "114" : {
      "name" : "LocateReqd",
      "dataType" : "CHAR",
      "description" : ""
    },
    "115" : {
      "name" : "OnBehalfOfCompID",
      "dataType" : "CHAR",
      "description" : ""
    },
    "116" : {
      "name" : "OnBehalfOfSubID",
      "dataType" : "CHAR",
      "description" : ""
    },
    "117" : {
      "name" : "QuoteID",
      "dataType" : "CHAR",
      "description" : ""
    },
    "118" : {
      "name" : "NetMoney",
      "dataType" : "FLOAT",
      "description" : ""
    },
    "119" : {
      "name" : "SettlCurrAmt",
      "dataType" : "FLOAT",
      "description" : ""
    },
    "120" : {
      "name" : "SettlCurrency",
      "dataType" : "CHAR",
      "description" : ""
    },
    "121" : {
      "name" : "ForexReq",
      "dataType" : "CHAR",
      "description" : ""
    },
    "122" : {
      "name" : "OrigSendingTime",
      "dataType" : "TIME",
      "description" : ""
    },
    "123" : {
      "name" : "GapFillFlag",
      "dataType" : "CHAR",
      "description" : ""
    },
    "124" : {
      "name" : "NoExecs",
      "dataType" : "INT",
      "description" : ""
    },
    "125" : {
      "name" : "CxlType",
      "dataType" : "CHAR",
      "description" : ""
    },
    "126" : {
      "name" : "ExpireTime",
      "dataType" : "TIME",
      "description" : ""
    },
    "127" : {
      "name" : "DKReason",
      "dataType" : "CHAR",
      "description" : ""
    },
    "128" : {
      "name" : "DeliverToCompID",
      "dataType" : "CHAR",
      "description" : ""
    },
    "129" : {
      "name" : "DeliverToSubID",
      "dataType" : "CHAR",
      "description" : ""
    },
    "130" : {
      "name" : "IOINaturalFlag",
      "dataType" : "CHAR",
      "description" : ""
    },
    "131" : {
      "name" : "QuoteReqID",
      "dataType" : "CHAR",
      "description" : ""
    },
    "132" : {
      "name" : "BidPx",
      "dataType" : "FLOAT",
      "description" : ""
    },
    "133" : {
      "name" : "OfferPx",
      "dataType" : "FLOAT",
      "description" : ""
    },
    "134" : {
      "name" : "BidSize",
      "dataType" : "INT",
      "description" : ""
    },
    "135" : {
      "name" : "OfferSize",
      "dataType" : "INT",
      "description" : ""
    },
    "136" : {
      "name" : "NoMiscFees",
      "dataType" : "INT",
      "description" : ""
    },
    "137" : {
      "name" : "MiscFeeAmt",
      "dataType" : "FLOAT",
      "description" : ""
    },
    "138" : {
      "name" : "MiscFeeCurr",
      "dataType" : "CHAR",
      "description" : ""
    },
    "139" : {
      "name" : "MiscFeeType",
      "dataType" : "CHAR",
      "description" : ""
    },
    "140" : {
      "name" : "PrevClosePx",
      "dataType" : "FLOAT",
      "description" : ""
    }
  },
  "Components" : "components",
  "Messages" : {
    "0" : {
      "name" : "Heartbeat",
      "category" : "admin",
      "type" : "Message",
      "description" : "",
      "members" : [ {
        "memberId" : "112",
        "isRequired" : "N"
      } ]
    },
    "1" : {
      "name" : "TestRequest",
      "category" : "admin",
      "type" : "Message",
      "description" : "",
      "members" : [ {
        "memberId" : "112",
        "isRequired" : "Y"
      } ]
    },
    "2" : {
      "name" : "ResendRequest",
      "category" : "admin",
      "type" : "Message",
      "description" : "",
      "members" : [ {
        "memberId" : "16",
        "isRequired" : "Y"
      }, {
        "memberId" : "7",
        "isRequired" : "Y"
      } ]
    },
    "3" : {
      "name" : "Reject",
      "category" : "admin",
      "type" : "Message",
      "description" : "",
      "members" : [ {
        "memberId" : "58",
        "isRequired" : "N"
      }, {
        "memberId" : "45",
        "isRequired" : "Y"
      } ]
    },
    "4" : {
      "name" : "SequenceReset",
      "category" : "admin",
      "type" : "Message",
      "description" : "",
      "members" : [ {
        "memberId" : "36",
        "isRequired" : "Y"
      }, {
        "memberId" : "123",
        "isRequired" : "N"
      } ]
    },
    "5" : {
      "name" : "Logout",
      "category" : "admin",
      "type" : "Message",
      "description" : "",
      "members" : [ {
        "memberId" : "58",
        "isRequired" : "N"
      } ]
    },
    "6" : {
      "name" : "IOI",
      "category" : "app",
      "type" : "Message",
      "description" : "",
      "members" : [ {
        "memberId" : "58",
        "isRequired" : "N"
      }, {
        "memberId" : "104",
        "isRequired" : "N"
      }, {
        "memberId" : "130",
        "isRequired" : "N"
      }, {
        "memberId" : "24",
        "isRequired" : "N"
      }, {
        "memberId" : "25",
        "isRequired" : "N"
      }, {
        "memberId" : "62",
        "isRequired" : "N"
      }, {
        "memberId" : "15",
        "isRequired" : "N"
      }, {
        "memberId" : "44",
        "isRequired" : "N"
      }, {
        "memberId" : "27",
        "isRequired" : "Y"
      }, {
        "memberId" : "54",
        "isRequired" : "Y"
      }, {
        "memberId" : "107",
        "isRequired" : "N"
      }, {
        "memberId" : "106",
        "isRequired" : "N"
      }, {
        "memberId" : "22",
        "isRequired" : "N"
      }, {
        "memberId" : "48",
        "isRequired" : "N"
      }, {
        "memberId" : "65",
        "isRequired" : "N"
      }, {
        "memberId" : "55",
        "isRequired" : "Y"
      }, {
        "memberId" : "26",
        "isRequired" : "N"
      }, {
        "memberId" : "28",
        "isRequired" : "Y"
      }, {
        "memberId" : "23",
        "isRequired" : "Y"
      } ]
    },
    "7" : {
      "name" : "Advertisement",
      "category" : "app",
      "type" : "Message",
      "description" : "",
      "members" : [ {
        "memberId" : "58",
        "isRequired" : "N"
      }, {
        "memberId" : "60",
        "isRequired" : "N"
      }, {
        "memberId" : "15",
        "isRequired" : "N"
      }, {
        "memberId" : "44",
        "isRequired" : "N"
      }, {
        "memberId" : "53",
        "isRequired" : "Y"
      }, {
        "memberId" : "4",
        "isRequired" : "Y"
      }, {
        "memberId" : "107",
        "isRequired" : "N"
      }, {
        "memberId" : "106",
        "isRequired" : "N"
      }, {
        "memberId" : "22",
        "isRequired" : "N"
      }, {
        "memberId" : "48",
        "isRequired" : "N"
      }, {
        "memberId" : "65",
        "isRequired" : "N"
      }, {
        "memberId" : "55",
        "isRequired" : "Y"
      }, {
        "memberId" : "3",
        "isRequired" : "N"
      }, {
        "memberId" : "5",
        "isRequired" : "Y"
      }, {
        "memberId" : "2",
        "isRequired" : "Y"
      } ]
    },
    "8" : {
      "name" : "ExecutionReport",
      "category" : "app",
      "type" : "Message",
      "description" : "",
      "members" : [ {
        "memberId" : "58",
        "isRequired" : "N"
      }, {
        "memberId" : "120",
        "isRequired" : "N"
      }, {
        "memberId" : "119",
        "isRequired" : "N"
      }, {
        "memberId" : "118",
        "isRequired" : "N"
      }, {
        "memberId" : "13",
        "isRequired" : "N"
      }, {
        "memberId" : "12",
        "isRequired" : "N"
      }, {
        "memberId" : "113",
        "isRequired" : "N"
      }, {
        "memberId" : "60",
        "isRequired" : "N"
      }, {
        "memberId" : "75",
        "isRequired" : "N"
      }, {
        "memberId" : "6",
        "isRequired" : "Y"
      }, {
        "memberId" : "14",
        "isRequired" : "Y"
      }, {
        "memberId" : "29",
        "isRequired" : "N"
      }, {
        "memberId" : "30",
        "isRequired" : "N"
      }, {
        "memberId" : "31",
        "isRequired" : "Y"
      }, {
        "memberId" : "32",
        "isRequired" : "Y"
      }, {
        "memberId" : "47",
        "isRequired" : "N"
      }, {
        "memberId" : "18",
        "isRequired" : "N"
      }, {
        "memberId" : "126",
        "isRequired" : "N"
      }, {
        "memberId" : "59",
        "isRequired" : "N"
      }, {
        "memberId" : "15",
        "isRequired" : "N"
      }, {
        "memberId" : "99",
        "isRequired" : "N"
      }, {
        "memberId" : "44",
        "isRequired" : "N"
      }, {
        "memberId" : "40",
        "isRequired" : "N"
      }, {
        "memberId" : "38",
        "isRequired" : "Y"
      }, {
        "memberId" : "54",
        "isRequired" : "Y"
      }, {
        "memberId" : "107",
        "isRequired" : "N"
      }, {
        "memberId" : "106",
        "isRequired" : "N"
      }, {
        "memberId" : "22",
        "isRequired" : "N"
      }, {
        "memberId" : "48",
        "isRequired" : "N"
      }, {
        "memberId" : "65",
        "isRequired" : "N"
      }, {
        "memberId" : "55",
        "isRequired" : "Y"
      }, {
        "memberId" : "64",
        "isRequired" : "N"
      }, {
        "memberId" : "63",
        "isRequired" : "N"
      }, {
        "memberId" : "1",
        "isRequired" : "N"
      }, {
        "memberId" : "103",
        "isRequired" : "N"
      }, {
        "memberId" : "39",
        "isRequired" : "Y"
      }, {
        "memberId" : "19",
        "isRequired" : "N"
      }, {
        "memberId" : "20",
        "isRequired" : "Y"
      }, {
        "memberId" : "17",
        "isRequired" : "Y"
      }, {
        "memberId" : "66",
        "isRequired" : "N"
      }, {
        "memberId" : "76",
        "isRequired" : "N"
      }, {
        "memberId" : "109",
        "isRequired" : "N"
      }, {
        "memberId" : "11",
        "isRequired" : "N"
      }, {
        "memberId" : "37",
        "isRequired" : "Y"
      } ]
    },
    "9" : {
      "name" : "OrderCancelReject",
      "category" : "app",
      "type" : "Message",
      "description" : "",
      "members" : [ {
        "memberId" : "58",
        "isRequired" : "N"
      }, {
        "memberId" : "102",
        "isRequired" : "N"
      }, {
        "memberId" : "66",
        "isRequired" : "N"
      }, {
        "memberId" : "76",
        "isRequired" : "N"
      }, {
        "memberId" : "109",
        "isRequired" : "N"
      }, {
        "memberId" : "11",
        "isRequired" : "Y"
      }, {
        "memberId" : "37",
        "isRequired" : "Y"
      } ]
    },
    "A" : {
      "name" : "Logon",
      "category" : "admin",
      "type" : "Message",
      "description" : "",
      "members" : [ {
        "memberId" : "96",
        "isRequired" : "N"
      }, {
        "memberId" : "95",
        "isRequired" : "N"
      }, {
        "memberId" : "108",
        "isRequired" : "Y"
      }, {
        "memberId" : "98",
        "isRequired" : "Y"
      } ]
    },
    "B" : {
      "name" : "News",
      "category" : "app",
      "type" : "Message",
      "description" : "",
      "members" : [ {
        "memberId" : "96",
        "isRequired" : "N"
      }, {
        "memberId" : "95",
        "isRequired" : "N"
      }, {
        "memberId" : "58",
        "isRequired" : "Y"
      }, {
        "memberId" : "33",
        "isRequired" : "Y"
      }, {
        "memberId" : "46",
        "isRequired" : "N"
      }, {
        "memberId" : "61",
        "isRequired" : "N"
      }, {
        "memberId" : "42",
        "isRequired" : "N"
      } ]
    },
    "C" : {
      "name" : "Email",
      "category" : "app",
      "type" : "Message",
      "description" : "",
      "members" : [ {
        "memberId" : "96",
        "isRequired" : "N"
      }, {
        "memberId" : "95",
        "isRequired" : "N"
      }, {
        "memberId" : "58",
        "isRequired" : "Y"
      }, {
        "memberId" : "33",
        "isRequired" : "Y"
      }, {
        "memberId" : "11",
        "isRequired" : "N"
      }, {
        "memberId" : "37",
        "isRequired" : "N"
      }, {
        "memberId" : "46",
        "isRequired" : "N"
      }, {
        "memberId" : "42",
        "isRequired" : "N"
      }, {
        "memberId" : "94",
        "isRequired" : "Y"
      } ]
    },
    "D" : {
      "name" : "NewOrderSingle",
      "category" : "app",
      "type" : "Message",
      "description" : "",
      "members" : [ {
        "memberId" : "58",
        "isRequired" : "N"
      }, {
        "memberId" : "120",
        "isRequired" : "N"
      }, {
        "memberId" : "121",
        "isRequired" : "N"
      }, {
        "memberId" : "47",
        "isRequired" : "N"
      }, {
        "memberId" : "13",
        "isRequired" : "N"
      }, {
        "memberId" : "12",
        "isRequired" : "N"
      }, {
        "memberId" : "126",
        "isRequired" : "N"
      }, {
        "memberId" : "59",
        "isRequired" : "N"
      }, {
        "memberId" : "117",
        "isRequired" : "N"
      }, {
        "memberId" : "23",
        "isRequired" : "N"
      }, {
        "memberId" : "15",
        "isRequired" : "N"
      }, {
        "memberId" : "99",
        "isRequired" : "N"
      }, {
        "memberId" : "44",
        "isRequired" : "N"
      }, {
        "memberId" : "40",
        "isRequired" : "Y"
      }, {
        "memberId" : "38",
        "isRequired" : "Y"
      }, {
        "memberId" : "114",
        "isRequired" : "N"
      }, {
        "memberId" : "54",
        "isRequired" : "Y"
      }, {
        "memberId" : "140",
        "isRequired" : "N"
      }, {
        "memberId" : "107",
        "isRequired" : "N"
      }, {
        "memberId" : "106",
        "isRequired" : "N"
      }, {
        "memberId" : "22",
        "isRequired" : "N"
      }, {
        "memberId" : "48",
        "isRequired" : "N"
      }, {
        "memberId" : "65",
        "isRequired" : "N"
      }, {
        "memberId" : "55",
        "isRequired" : "Y"
      }, {
        "memberId" : "81",
        "isRequired" : "N"
      }, {
        "memberId" : "100",
        "isRequired" : "N"
      }, {
        "memberId" : "111",
        "isRequired" : "N"
      }, {
        "memberId" : "110",
        "isRequired" : "N"
      }, {
        "memberId" : "18",
        "isRequired" : "N"
      }, {
        "memberId" : "21",
        "isRequired" : "Y"
      }, {
        "memberId" : "64",
        "isRequired" : "N"
      }, {
        "memberId" : "63",
        "isRequired" : "N"
      }, {
        "memberId" : "1",
        "isRequired" : "N"
      }, {
        "memberId" : "76",
        "isRequired" : "N"
      }, {
        "memberId" : "109",
        "isRequired" : "N"
      }, {
        "memberId" : "11",
        "isRequired" : "Y"
      } ]
    },
    "E" : {
      "name" : "NewOrderList",
      "category" : "app",
      "type" : "Message",
      "description" : "",
      "members" : [ {
        "memberId" : "58",
        "isRequired" : "N"
      }, {
        "memberId" : "120",
        "isRequired" : "N"
      }, {
        "memberId" : "121",
        "isRequired" : "N"
      }, {
        "memberId" : "47",
        "isRequired" : "N"
      }, {
        "memberId" : "13",
        "isRequired" : "N"
      }, {
        "memberId" : "12",
        "isRequired" : "N"
      }, {
        "memberId" : "126",
        "isRequired" : "N"
      }, {
        "memberId" : "59",
        "isRequired" : "N"
      }, {
        "memberId" : "15",
        "isRequired" : "N"
      }, {
        "memberId" : "99",
        "isRequired" : "N"
      }, {
        "memberId" : "44",
        "isRequired" : "N"
      }, {
        "memberId" : "40",
        "isRequired" : "Y"
      }, {
        "memberId" : "38",
        "isRequired" : "Y"
      }, {
        "memberId" : "114",
        "isRequired" : "N"
      }, {
        "memberId" : "54",
        "isRequired" : "Y"
      }, {
        "memberId" : "140",
        "isRequired" : "N"
      }, {
        "memberId" : "107",
        "isRequired" : "N"
      }, {
        "memberId" : "106",
        "isRequired" : "N"
      }, {
        "memberId" : "22",
        "isRequired" : "N"
      }, {
        "memberId" : "48",
        "isRequired" : "N"
      }, {
        "memberId" : "65",
        "isRequired" : "N"
      }, {
        "memberId" : "55",
        "isRequired" : "Y"
      }, {
        "memberId" : "81",
        "isRequired" : "N"
      }, {
        "memberId" : "100",
        "isRequired" : "N"
      }, {
        "memberId" : "111",
        "isRequired" : "N"
      }, {
        "memberId" : "110",
        "isRequired" : "N"
      }, {
        "memberId" : "18",
        "isRequired" : "N"
      }, {
        "memberId" : "21",
        "isRequired" : "Y"
      }, {
        "memberId" : "64",
        "isRequired" : "N"
      }, {
        "memberId" : "63",
        "isRequired" : "N"
      }, {
        "memberId" : "1",
        "isRequired" : "N"
      }, {
        "memberId" : "76",
        "isRequired" : "N"
      }, {
        "memberId" : "109",
        "isRequired" : "N"
      }, {
        "memberId" : "11",
        "isRequired" : "Y"
      }, {
        "memberId" : "69",
        "isRequired" : "N"
      }, {
        "memberId" : "68",
        "isRequired" : "Y"
      }, {
        "memberId" : "67",
        "isRequired" : "Y"
      }, {
        "memberId" : "105",
        "isRequired" : "N"
      }, {
        "memberId" : "66",
        "isRequired" : "Y"
      } ]
    },
    "F" : {
      "name" : "OrderCancelRequest",
      "category" : "app",
      "type" : "Message",
      "description" : "",
      "members" : [ {
        "memberId" : "58",
        "isRequired" : "N"
      }, {
        "memberId" : "38",
        "isRequired" : "Y"
      }, {
        "memberId" : "54",
        "isRequired" : "Y"
      }, {
        "memberId" : "107",
        "isRequired" : "N"
      }, {
        "memberId" : "106",
        "isRequired" : "N"
      }, {
        "memberId" : "22",
        "isRequired" : "N"
      }, {
        "memberId" : "48",
        "isRequired" : "N"
      }, {
        "memberId" : "65",
        "isRequired" : "N"
      }, {
        "memberId" : "55",
        "isRequired" : "Y"
      }, {
        "memberId" : "76",
        "isRequired" : "N"
      }, {
        "memberId" : "109",
        "isRequired" : "N"
      }, {
        "memberId" : "125",
        "isRequired" : "Y"
      }, {
        "memberId" : "66",
        "isRequired" : "N"
      }, {
        "memberId" : "11",
        "isRequired" : "Y"
      }, {
        "memberId" : "37",
        "isRequired" : "N"
      }, {
        "memberId" : "41",
        "isRequired" : "Y"
      } ]
    },
    "G" : {
      "name" : "OrderCancelReplaceRequest",
      "category" : "app",
      "type" : "Message",
      "description" : "",
      "members" : [ {
        "memberId" : "58",
        "isRequired" : "N"
      }, {
        "memberId" : "120",
        "isRequired" : "N"
      }, {
        "memberId" : "121",
        "isRequired" : "N"
      }, {
        "memberId" : "47",
        "isRequired" : "N"
      }, {
        "memberId" : "13",
        "isRequired" : "N"
      }, {
        "memberId" : "12",
        "isRequired" : "N"
      }, {
        "memberId" : "126",
        "isRequired" : "N"
      }, {
        "memberId" : "59",
        "isRequired" : "N"
      }, {
        "memberId" : "15",
        "isRequired" : "N"
      }, {
        "memberId" : "99",
        "isRequired" : "N"
      }, {
        "memberId" : "44",
        "isRequired" : "N"
      }, {
        "memberId" : "40",
        "isRequired" : "Y"
      }, {
        "memberId" : "38",
        "isRequired" : "Y"
      }, {
        "memberId" : "54",
        "isRequired" : "Y"
      }, {
        "memberId" : "107",
        "isRequired" : "N"
      }, {
        "memberId" : "106",
        "isRequired" : "N"
      }, {
        "memberId" : "22",
        "isRequired" : "N"
      }, {
        "memberId" : "48",
        "isRequired" : "N"
      }, {
        "memberId" : "65",
        "isRequired" : "N"
      }, {
        "memberId" : "55",
        "isRequired" : "Y"
      }, {
        "memberId" : "100",
        "isRequired" : "N"
      }, {
        "memberId" : "111",
        "isRequired" : "N"
      }, {
        "memberId" : "110",
        "isRequired" : "N"
      }, {
        "memberId" : "18",
        "isRequired" : "N"
      }, {
        "memberId" : "21",
        "isRequired" : "Y"
      }, {
        "memberId" : "64",
        "isRequired" : "N"
      }, {
        "memberId" : "63",
        "isRequired" : "N"
      }, {
        "memberId" : "1",
        "isRequired" : "N"
      }, {
        "memberId" : "66",
        "isRequired" : "N"
      }, {
        "memberId" : "11",
        "isRequired" : "Y"
      }, {
        "memberId" : "41",
        "isRequired" : "Y"
      }, {
        "memberId" : "76",
        "isRequired" : "N"
      }, {
        "memberId" : "109",
        "isRequired" : "N"
      }, {
        "memberId" : "37",
        "isRequired" : "N"
      } ]
    },
    "H" : {
      "name" : "OrderStatusRequest",
      "category" : "app",
      "type" : "Message",
      "description" : "",
      "members" : [ {
        "memberId" : "54",
        "isRequired" : "Y"
      }, {
        "memberId" : "107",
        "isRequired" : "N"
      }, {
        "memberId" : "106",
        "isRequired" : "N"
      }, {
        "memberId" : "65",
        "isRequired" : "N"
      }, {
        "memberId" : "55",
        "isRequired" : "Y"
      }, {
        "memberId" : "76",
        "isRequired" : "N"
      }, {
        "memberId" : "109",
        "isRequired" : "N"
      }, {
        "memberId" : "11",
        "isRequired" : "Y"
      }, {
        "memberId" : "37",
        "isRequired" : "N"
      } ]
    },
    "J" : {
      "name" : "Allocation",
      "category" : "app",
      "type" : "Message",
      "description" : "",
      "members" : [ {
        "memberId" : "58",
        "isRequired" : "N"
      }, {
        "memberId" : "77",
        "isRequired" : "N"
      }, {
        "memberId" : "120",
        "isRequired" : "N"
      }, {
        "memberId" : "119",
        "isRequired" : "N"
      }, {
        "memberId" : "118",
        "isRequired" : "N"
      }, {
        "memberId" : "64",
        "isRequired" : "N"
      }, {
        "memberId" : "63",
        "isRequired" : "N"
      }, {
        "memberId" : "60",
        "isRequired" : "N"
      }, {
        "memberId" : "75",
        "isRequired" : "Y"
      }, {
        "memberId" : "74",
        "isRequired" : "N"
      }, {
        "memberId" : "15",
        "isRequired" : "N"
      }, {
        "memberId" : "6",
        "isRequired" : "Y"
      }, {
        "memberId" : "53",
        "isRequired" : "Y"
      }, {
        "memberId" : "107",
        "isRequired" : "N"
      }, {
        "memberId" : "106",
        "isRequired" : "N"
      }, {
        "memberId" : "22",
        "isRequired" : "N"
      }, {
        "memberId" : "48",
        "isRequired" : "N"
      }, {
        "memberId" : "65",
        "isRequired" : "N"
      }, {
        "memberId" : "55",
        "isRequired" : "Y"
      }, {
        "memberId" : "54",
        "isRequired" : "Y"
      }, {
        "memberId" : "72",
        "isRequired" : "N"
      }, {
        "memberId" : "71",
        "isRequired" : "Y"
      }, {
        "memberId" : "70",
        "isRequired" : "Y"
      } ]
    },
    "K" : {
      "name" : "ListCancelRequest",
      "category" : "app",
      "type" : "Message",
      "description" : "",
      "members" : [ {
        "memberId" : "58",
        "isRequired" : "N"
      }, {
        "memberId" : "105",
        "isRequired" : "N"
      }, {
        "memberId" : "66",
        "isRequired" : "Y"
      } ]
    },
    "L" : {
      "name" : "ListExecute",
      "category" : "app",
      "type" : "Message",
      "description" : "",
      "members" : [ {
        "memberId" : "58",
        "isRequired" : "N"
      }, {
        "memberId" : "105",
        "isRequired" : "N"
      }, {
        "memberId" : "66",
        "isRequired" : "Y"
      } ]
    },
    "M" : {
      "name" : "ListStatusRequest",
      "category" : "app",
      "type" : "Message",
      "description" : "",
      "members" : [ {
        "memberId" : "58",
        "isRequired" : "N"
      }, {
        "memberId" : "105",
        "isRequired" : "N"
      }, {
        "memberId" : "66",
        "isRequired" : "Y"
      } ]
    },
    "N" : {
      "name" : "ListStatus",
      "category" : "app",
      "type" : "Message",
      "description" : "",
      "members" : [ {
        "memberId" : "83",
        "isRequired" : "Y"
      }, {
        "memberId" : "82",
        "isRequired" : "Y"
      }, {
        "memberId" : "105",
        "isRequired" : "N"
      }, {
        "memberId" : "66",
        "isRequired" : "Y"
      } ]
    },
    "P" : {
      "name" : "AllocationInstructionAck",
      "category" : "app",
      "type" : "Message",
      "description" : "",
      "members" : [ {
        "memberId" : "58",
        "isRequired" : "N"
      }, {
        "memberId" : "88",
        "isRequired" : "N"
      }, {
        "memberId" : "87",
        "isRequired" : "Y"
      }, {
        "memberId" : "60",
        "isRequired" : "N"
      }, {
        "memberId" : "75",
        "isRequired" : "Y"
      }, {
        "memberId" : "70",
        "isRequired" : "Y"
      }, {
        "memberId" : "76",
        "isRequired" : "N"
      }, {
        "memberId" : "109",
        "isRequired" : "N"
      } ]
    },
    "Q" : {
      "name" : "DontKnowTrade",
      "category" : "app",
      "type" : "Message",
      "description" : "",
      "members" : [ {
        "memberId" : "58",
        "isRequired" : "N"
      }, {
        "memberId" : "31",
        "isRequired" : "Y"
      }, {
        "memberId" : "32",
        "isRequired" : "Y"
      }, {
        "memberId" : "38",
        "isRequired" : "Y"
      }, {
        "memberId" : "54",
        "isRequired" : "Y"
      }, {
        "memberId" : "55",
        "isRequired" : "Y"
      }, {
        "memberId" : "127",
        "isRequired" : "Y"
      }, {
        "memberId" : "17",
        "isRequired" : "N"
      }, {
        "memberId" : "37",
        "isRequired" : "N"
      } ]
    },
    "R" : {
      "name" : "QuoteRequest",
      "category" : "app",
      "type" : "Message",
      "description" : "",
      "members" : [ {
        "memberId" : "38",
        "isRequired" : "N"
      }, {
        "memberId" : "54",
        "isRequired" : "N"
      }, {
        "memberId" : "140",
        "isRequired" : "N"
      }, {
        "memberId" : "107",
        "isRequired" : "N"
      }, {
        "memberId" : "106",
        "isRequired" : "N"
      }, {
        "memberId" : "22",
        "isRequired" : "N"
      }, {
        "memberId" : "48",
        "isRequired" : "N"
      }, {
        "memberId" : "65",
        "isRequired" : "N"
      }, {
        "memberId" : "55",
        "isRequired" : "Y"
      }, {
        "memberId" : "131",
        "isRequired" : "Y"
      } ]
    },
    "S" : {
      "name" : "Quote",
      "category" : "app",
      "type" : "Message",
      "description" : "",
      "members" : [ {
        "memberId" : "62",
        "isRequired" : "N"
      }, {
        "memberId" : "135",
        "isRequired" : "N"
      }, {
        "memberId" : "134",
        "isRequired" : "N"
      }, {
        "memberId" : "133",
        "isRequired" : "N"
      }, {
        "memberId" : "132",
        "isRequired" : "Y"
      }, {
        "memberId" : "107",
        "isRequired" : "N"
      }, {
        "memberId" : "106",
        "isRequired" : "N"
      }, {
        "memberId" : "22",
        "isRequired" : "N"
      }, {
        "memberId" : "48",
        "isRequired" : "N"
      }, {
        "memberId" : "65",
        "isRequired" : "N"
      }, {
        "memberId" : "55",
        "isRequired" : "Y"
      }, {
        "memberId" : "117",
        "isRequired" : "Y"
      }, {
        "memberId" : "131",
        "isRequired" : "N"
      } ]
    }
  }
}